{"name": "ARedSecret", "version": "0.0.1-alpha", "scriptFileList_inject_early": ["javascript/inject-early/utils.js", "javascript/sf/inject-early/sf.js"], "scriptFileList_earlyload": [], "scriptFileList_preload": [], "styleFileList": ["style.css"], "scriptFileList": ["javascript/inject-func.js", "javascript/load-loc.js", "javascript/sf/register-npc.js", "javascript/variables/00-init.js", "javascript/variables/books.js", "javascript/variables/state.js"], "tweeFileList": ["twee/utils.twee", "twee/locations/bookshelf.twee", "twee/locations/school-library.twee", "twee/locations/sunset-bookstore.twee", "twee/mechanism/book.twee", "twee/widgets/npc.twee", "twee/widgets/skills.twee"], "imgFileList": [], "additionFile": ["localisation/zh-CN.json", "assetsList.json"], "additionDir": ["assets"], "addonPlugin": [{"modName": "BeautySelectorAddon", "addonName": "BeautySelectorAddon", "modVersion": "^2.0.0", "params": {"types": [{"type": "ARedSecret", "imgFileListFile": "assetsList.json"}]}}, {"modName": "TweeReplacer", "addonName": "TweeReplacerAddon", "modVersion": "^1.2.0", "params": [{"passage": "Bedroom", "findRegex": "(?<=<<deskText \"noicon\">>)", "replace": "<<bookshelfText>><br><br>"}, {"passage": "School Library", "findRegex": "(?<=oliveExitPassage.*\n\t+<br>\n\t+<</if>>)", "replace": "<<schoolLibNewBook>>"}, {"passage": "Residential alleyways", "findRegex": "(?<=Residential Thicket\\]\\].*\n\t+.*\n\t+.*>>)", "replace": "<<linkToSunsetBookstore>>"}]}], "dependenceInfo": [{"modName": "BeautySelectorAddon", "version": "^2.0.0"}, {"modName": "TweeReplacer", "version": "^1.2.0"}, {"modName": "Simple Frameworks", "version": ">=1.0.0"}]}