{
    "style_properties": {
        "space": false
    },

    "latin": "拉丁文",
    "greek": "希腊文",
    "sanskrit": "梵文",
    "aramaic": "亚兰文",

    "lantern": "<span class='ars-lantern'>灯</span>",
    "lantern_plain": "灯",
    "forge": "<span class='ars-forge'>铸</span>",
    "forge_plain": "铸",
    "edge": "<span class='ars-edge'>刃</span>",
    "edge_plain": "刃",
    "winter": "<span class='ars-winter'>冬</span>",
    "winter_plain": "冬",
    "heart": "<span class='ars-heart'>心</span>",
    "heart_plain": "心",
    "grail": "<span class='ars-grail'>杯</span>",
    "grail_plain": "杯",
    "moth": "<span class='ars-moth'>蛾</span>",
    "moth_plain": "蛾",
    "knock": "<span class='ars-knock'>启</span>",
    "knock_plain": "启",
    "secrethistories": "<span class='ars-sec-his'>秘史</span>",
    "secrethistories_plain": "秘史",

    "language_skills": "语言技能",
    "invisible_arts": "无形之术",

    "bookshelf_desc": {
        "basic": "朴素木制小书架"
    },
    "bookshelf_empty": "你的<<= $ARedSecret.loc.bookshelf_desc[$ARedSecret.bookshelf.type]>>里空空如也，一本书都没有。",
    "bookshelf_few": "你的<<= $ARedSecret.loc.bookshelf_desc[$ARedSecret.bookshelf.type]>>里陈列着一些书籍，还剩下非常多的空间。",
    "bookshelf_half": "你的藏书事业小有所成，<<= $ARedSecret.loc.bookshelf_desc[$ARedSecret.bookshelf.type]>>里已经有一半左右的空间被塞进了各种书籍。",
    "bookshelf_many": "你<<= $ARedSecret.loc.bookshelf_desc[$ARedSecret.bookshelf.type]>>里的空间大半都是各种书籍，剩余容量不算很多。",
    "bookshelf_almostfull": "你的<<= $ARedSecret.loc.bookshelf_desc[$ARedSecret.bookshelf.type]>>几乎已经被各种书籍塞满，也许需要换一个更大的书柜了。",
    "bookshelf_full": "你的<<= $ARedSecret.loc.bookshelf_desc[$ARedSecret.bookshelf.type]>>已被书籍塞满，没有任何空间了。",
    "link_view_bookshelf": "查看你的书架",

    "view_bookshelf": "你站在你的<<= $ARedSecret.loc.bookshelf_desc[$ARedSecret.bookshelf.type]>>面前。这个书架能存放$ARedSecret.bookshelf.capacity本书，",
    "view_bookshelf_count": "现在有<<= $ARedSecret.bookshelf.books.length>>本书正静静地矗立在里面。",
    "view_bookshelf_count_empty": "但它现在却是空着的，等待着被填满。",
    "book_current_part": "第<<= _book.current_part+1>>部分，",
    "book_select": "你看向<<= $ARedSecret.loc.books[_book.id].title>>——",
    "book_select_cannot_read": "你需要至少拥有 <<= ARedSecret.utils.getSkillLevelText(_book.requirements.language, 'language')>> 的<<= $ARedSecret.loc[_book.language]>>水平才能读懂本书，但你目前只有 <<= ARedSecret.utils.getSkillLevelText($ARedSecret[_book.language], 'language')>>。",
    "book_select_cannot_read_at_all": "你需要至少拥有 <<= ARedSecret.utils.getSkillLevelText(_book.requirements.language, 'language')>> 的<<= $ARedSecret.loc[_book.language]>>水平才能读懂本书，但你目前一点<<= $ARedSecret.loc[_book.language]>>都不会！",
    "book_select_translated_version": "你的<<= $ARedSecret.loc[_book.language]>>水平不足以阅读原著，但幸运的是，你手里的这本是翻译版。",
    "book_select_cannot_understand_at_all": "这本书中蕴含的<<= $ARedSecret.loc[_book.requirements.invisibleArt.type]>>之知识过于高深，你目前完全无法理解。你至少需要 <<= ARedSecret.utils.getSkillLevelText(_book.requirements.invisibleArt.value, 'ia')>> 级别的<<= $ARedSecret.loc[_book.requirements.invisibleArt.type]>>之知识才能完全理解，但你现在对此一窍不通！",
    "book_select_cannot_understand": "这本书中蕴含的<<= $ARedSecret.loc[_book.requirements.invisibleArt.type]>>之知识过于高深，你目前完全无法理解。你至少需要 <<= ARedSecret.utils.getSkillLevelText(_book.requirements.invisibleArt.value, 'ia')>> 级别的<<= $ARedSecret.loc[_book.requirements.invisibleArt.type]>>之知识才能完全理解，但你现在只有 <<= ARedSecret.utils.getSkillLevelText($ARedSecret[_book.requirements.invisibleArt.type], 'ia')>>。",
    "book_select_nearly_understand": "这本书中蕴含的<<= $ARedSecret.loc[_book.requirements.invisibleArt.type]>>之知识对你而言有些复杂，你暂时无法完全理解。如果选择强行阅读，可能会对你的心智产生不良影响。你至少需要 <<= ARedSecret.utils.getSkillLevelText(_book.requirements.invisibleArt.value, 'ia')>> 级别的<<= $ARedSecret.loc[_book.requirements.invisibleArt.type]>>之知识才能安全并完全地理解本书。",
    "book_select_not_started": "这本书你还没开始读过。",
    "book_select_partially_read": "这本书你已读过一部分，但还没有读完。",
    "book_select_last_part": "还差最后一点，你就能读完这本书了。",
    "book_select_finished": "这本书你已经读完，再读也学不到什么新知识了。",
    "book_select_part_indication": " (接下来阅读第<<= _book.currentPart+1>>部分，共_book.parts.length部分)",
    "book_select_risky": " <span class='red'>(有风险)</span>",
    "book_reading_start": [
        "你打开书本，开始仔细阅读书中的文字。",
        "你打开书本，开始沉浸于书中所描绘的世界。",
        "你打开书本，开始吸取文字中潜藏的知识。"
    ],
    "book_reading_end": [
        "你合上书本。"
    ],
    "book_reading_reread": [
        "你翻看着书本，熟悉的文字渐次映入眼帘。"
    ],
    "book_confirm_discard": "你确定要丢弃本书吗？一旦丢弃，本书将永久丢失，你可能无法找到第二本相同文献了！",
    "book_confirm_discard_yes": "确定，我要丢弃本书",

    "school_lib_first_found": "你留意到一本略显古旧的书，显然已经很久没有人借阅过了。但不知为何，这本书勾起了你的好奇心……",
    "school_lib_take_book": "拿走",
    "school_lib_book_taken": "这本书的内容让你有点摸不着头脑……或许可以回家仔细阅读。",

    "sunset_bookstore": "日暮书屋",
    "sunset_bookstore_unvisited": "一家小店？",
    "sunset_bookstore_first_visit_1": "今天，当你再次走过熟悉的小巷时，你突然被一种未知的//冲动//吸引——<br><br>那是一家小店，你此前无数次经过，却始终熟视无睹直到今天的小店。小小的玻璃门上面挂着一个斜着的的告示牌，写着“正在营业”，字迹娟秀。透过门上的毛玻璃，你隐约能看到店里似乎没有客人，只有许多书架挤满了店里狭小的空间。",
    "sunset_bookstore_first_visit_2": "你推开门，走了进去。<br>门边柜台后站着一个身着黑色连衣裙的女人，戴着一副半框眼镜，灰色的头发用洁白的缎带扎成高马尾，年纪看上去约莫三十出头。若不是站在这家店的柜台后面，你也许会认为她是你学校里的某位普通老师，不知为何从未在你的记忆里留下印象，就像这家店本身一样。<br><br>当你走进店里的时候，她并未抬头，只是瞥了你一眼——旋即又抬起头来看向你，似乎对你的来访感到些许讶异。<br>但那丝诧异只存留了一瞬。“你不像是会来这里的人，”她的声音清澈如铃，你却听不出什么感情，“但我从不过问客户的名字。慢慢看吧。”<br>你本想说些什么，但她很快又低下头，仿佛你从未来过，只留下透过店门传来的街巷的声音，不知为何几不可闻。你暗自思忖，也许她真的是，或曾是某位你未曾谋面的老师。",
    "sunset_bookstore_first_visit_3": "你发现柜台后方背对着你的书架上，挂着一幅描绘了夕阳的油画，笔触细腻，色调清冷，虽说画中日光依旧，却令人望而生寒。画的右下角是一行小小的字，写着“//凯瑟琳//”，字迹与门口挂牌上的别无二致。<br>“凯瑟琳·克拉克，”她的声音再次响起，“这是我的名字。日暮书屋，是这家书店的名字。”<br><br>她顿了顿，抬起头，用和她头发一样颜色的灰色眼睛看着你。“无论如何，你找到了这里。日暮书屋//欢迎//它的顾客。”她看上去毫不怀疑你的身份和目的，以及你能走进这家隐秘书店的原因——尽管就在几分钟前，你连这家店的名字都不知道。可即便如此，你也未能从中得到几分宽慰，大概是因为从她的声音里，你还是听不出什么感情。",
    "sunset_bookstore_found": "你发现了日暮书屋。",
    "sunset_bookstore_enter": "你走进了日暮书屋。",
    "sunset_bookstore_back": "你走了回来。",
    "sunset_bookstore_catherine_default": "凯瑟琳还是一如往常地站在柜台后面，低着头，不知在看什么东西。",
    "sunset_bookstore_catherine_neg_trust": "凯瑟琳对你的到来没有任何反应……你不知道她是否//应该//有所反应。",
    "sunset_bookstore_search_books": "寻找书籍",
    "sunset_bookstore_search_no_book": "已经没有什么值得搜寻的了，<span class='gold'>或许可以明天再来。</span>",
    "sunset_bookstore_searching": "你穿行于书架之间，想在这些书籍之中找到一些你感兴趣的，或者可能用得上的书籍。虽然绝大多数书籍对你而言要么味同嚼蜡，要么宛如天书，但在花了一些时间过后，你还是找到了几本可堪一读的书。",
    "sunset_bookstore_searching_no_book": "你穿行于书架之间，试图在这些书籍之中找到一些你感兴趣的，或者可能用得上的书籍，但是耗费一番功夫之后，你沮丧地发现并没有什么书符合你的要求。<span class='gold'>也许你可以明天再来看看。</span>",
    "sunset_bookstore_selected_lang": "这本书以<<= $ARedSecret.loc[_book.language]>>写就",
    "sunset_bookstore_selected_lang_skill": "需要 <<= ARedSecret.utils.getSkillLevelText(_book.requirements.language, 'language')>> 的<<= $ARedSecret.loc[_book.language]>>水平才能读懂，你目前只有 <<= ARedSecret.utils.getSkillLevelText($ARedSecret[_book.language], 'language')>>",
    "sunset_bookstore_selected_lang_skill_2": "但它<<= $ARedSecret.loc.sunset_bookstore_selected_lang_skill>>",
    "sunset_bookstore_selected_ia_skill": "需要 <<= ARedSecret.utils.getSkillLevelText(_book.requirements.invisibleArt.value, 'ia')>> 级别的<<= $ARedSecret.loc[_book.requirements.invisibleArt.type]>>之知识才能完全理解。",
    "sunset_bookstore_selected_have": "你目前拥有这本书",
    "sunset_bookstore_selected_have_origin": "你目前拥有这本书的<<= $ARedSecret.loc[_book.language]>>原著",
    "sunset_bookstore_selected_have_translated": "你目前拥有这本书的翻译版",
    "sunset_bookstore_selected_have_1": "但还没读过。",
    "sunset_bookstore_selected_have_2": "已经读了一部分。",
    "sunset_bookstore_selected_have_3": "并且快读完了。",
    "sunset_bookstore_selected_have_4": "而且已经读完了。",
    "sunset_bookstore_buy_no_room": "你的书架已满，无法购买本书。",
    "sunset_bookstore_buy_cannot_afford": "这本书标价 £<<= (_sellPrice/100).toLocaleString()>>，你买不起。",
    "sunset_bookstore_buy_skill_insufficient": "你目前的技能等级不足以（安全地）阅读本书。",
    "sunset_bookstore_buy_already_have": "你目前已经拥有这本书。",
    "sunset_bookstore_buy_finished": "这本书你已读完。",
    "sunset_bookstore_buy_confirm": "还是要购买吗？",
    "sunset_bookstore_bought_1": "你买下了这本<<= $ARedSecret.loc.books[_book.id].title>>。",
    "sunset_bookstore_bought_2": "凯瑟琳帮你打包好书本，随后将它递给了你。",
    "sunset_bookstore_bought_3_1": "凯瑟琳仔细地为你打包好书本",
    "sunset_bookstore_bought_3_2": "并简短嘱咐了一些保养书籍的注意事项",
    "sunset_bookstore_bought_3_3": "，随后将它递给了你。",
    "sunset_bookstore_bought_tip": "回到孤儿院后你可以在卧室的书架里找到这本书并开始阅读。",
    "sunset_bookstore_unlock_commission_1": "与以往不同，当你走过柜台时，一个你许久未听闻却无比熟悉的声音叫住了你：那位一直站在柜台后面一言不发的凯瑟琳。你差点没有认出来她的声音。<br><br>“敝店近日承蒙照顾，”她说，“想必你也学到很多。我有一个提议，或说一事相求……”",
    "sunset_bookstore_unlock_commission_2_meek": "“您请说，”你这么说着，心里暗暗思考会是怎样的要求。",
    "sunset_bookstore_unlock_commission_2_neutral": "“是什么提议呢？”你问道。",
    "sunset_bookstore_unlock_commission_2_bratty": "“有什么事还需要来求我？”你满怀困惑地问道。",
    "sunset_bookstore_unlock_commission_3": "“我有一些学界的熟人和朋友，他们也在研究无形之术。具体来说，是<span class='ars-lantern'>有关照明的知识</span>和<span class='ars-winter'>有关静默的知识</span>。有的人还在研究<span class='ars-sec-his'>其他重历史</span>。”她解释道，声音轻柔，“你和他们的目的不一样，方法也不一样，但你很有潜力。你独特的视角能给他们的研究带来很大启发。”<br><br>她顿了顿，继续说道，“我希望你能为他们<span class='gold'>供稿</span>，可能是短文，也可能是论文。我不会给你安排超出你能力范围太多的任务。他们会为你的协助提供一笔可观的报酬，而且如果效率够高，还会提供额外的<span class='ars-copper'>古币</span>。当然，如果没能在规定期限内交稿，报酬也会打折扣。意下如何？”",
    "sunset_bookstore_unlock_commission_accept": "接受",
    "sunset_bookstore_unlock_commission_decline_meek": "婉言谢绝",
    "sunset_bookstore_unlock_commission_decline_neutral": "再想想",
    "sunset_bookstore_unlock_commission_decline_bratty": "拒绝",
    "sunset_bookstore_unlock_commission_accept_meek": "“荣幸之至，”你立时同意。<br>“很好，”虽然她的表情并没有太大变化，但你感觉到她似乎很满意。",
    "sunset_bookstore_unlock_commission_accept_neutral": "“听上去很不错，”你说道。<br>“我想也是，”她的语气平和，",
    "sunset_bookstore_unlock_commission_accept_bratty": "“念在你的份上，我可以帮点忙，”你说道。<br>“这样也好，”她并没有太在意你的态度，",
    "sunset_bookstore_unlock_commission_accept_2": "“我会联系他们的。<span class='gold'>过几天</span>再来找我，届时我会向你介绍细节。多谢你的合作。”说完她又把头低了下来，专注于柜台上翻开来的书本。按她寡言的性格来看，她刚才已经跟你说的够多，现在已经没什么要说的了。",
    "sunset_bookstore_unlock_commission_accept_hint": "//<span class='gold'>你解锁了凯瑟琳的委托任务</span>，她需要的知识主要为<span class='ars-lantern'>灯</span>、<span class='ars-winter'>冬</span>，以及<span class='ars-sec-his'>秘史</span>。你可以在日暮书屋与她聊天来接取委托。一般的委托需要你有<strong>对应准则</strong>的足够知识和一本书籍，满足条件后便可以在卧室书桌开始作业。委托一般分为数个阶段，需要多次作业完成。一旦完成，便可同凯瑟琳对话来提交任务。在任务期限内提交不仅会获得更多的金钱报酬，还会获得<span class='ars-copper'>古币</span>，而超时提交则无法获得<span class='ars-copper'>古币</span>，报酬也会变少。随着你知识的精进和凯瑟琳对你信任的加深，将会解锁更高等级的委托，以及特殊任务。//",
    "sunset_bookstore_unlock_commission_declined_meek": "“非常感谢您的认可，但我想我目前还达不到这种水平，”你的声音微微颤抖。<br>“我看到了你的潜力，你也应当如此，”她的语气里竟有一丝鼓励，“但我不会强求你。",
    "sunset_bookstore_unlock_commission_declined_neutral": "“听起来有些费时间，我需要再考虑一下，”你说道。<br>“他们不会给一个高中生安排太繁重的任务，”她的语气平和，“我也不会。不过你可以慢慢考虑。",
    "sunset_bookstore_unlock_commission_declined_bratty": "“我没兴趣帮别人干活。”你很干脆地拒绝了她。<br>“就算结局已定，人也需要互相搀扶，”你听不太出来她怎么看待你的态度，“也许你需要花点时间来理解。无论如何，",
    "sunset_bookstore_unlock_commission_declined_2": "只要你回心转意，随时可以回来找我。”说完她又把头低了下来，专注于柜台上翻开来的书本。你不知道她对你的拒绝是否感到失望，但按她寡言的性格来看，现在已经没什么再需要跟你说的了。",
    "sunset_bookstore_unlock_commission_declined_hint": "//你可以随时跟凯瑟琳谈话来重新接受她的委托邀请，前提是你没有因为一些其他原因惹恼她……//",
    "sunset_bookstore_approach": "接近柜台",
    "sunset_bookstore_counter": "你走近柜台。",
    "sunset_bookstore_counter_neg_trust": "凯瑟琳不为所动，仿佛你从未存在于这里，但你切实地感受到她身上正散发出一股严寒的气场，禁锢住你的身体，扼住你的咽喉，令你不寒而栗。你没敢再往前一步，遑论开口。",
    "sunset_bookstore_counter_neg_trust_tip": "//凯瑟琳目前不信任你……做点什么来修复与她的关系。//",
    "sunset_bookstore_counter_1": "凯瑟琳还在看书。",
    "sunset_bookstore_counter_1_tip": "//你现在没有什么可以与她讨论的事情。试着增进她对你的信任之后再来。//",
    "sunset_bookstore_counter_2": "凯瑟琳翻书的动作稍微变慢了些，你认为她发现你靠近了。",
    "sunset_bookstore_counter_3": "凯瑟琳抬起头来看了你一眼。",
    "sunset_bookstore_counter_4": "听到你不断靠近的脚步声，凯瑟琳抬起了头。“有什么事吗？”",
    "sunset_bookstore_commission_enquiry": "询问委托",
    "sunset_bookstore_commission_submit": "提交委托",
    "sunset_bookstore_conversation_topic_1": "询问这家店的名称由来",
    "sunset_bookstore_conversation_topic_2": "询问她为什么要开这家书店",
    "sunset_bookstore_conversation_topic_3": "询问对居民异常欲望的看法",


    "books": {
        "orchidtransfigurations1": {
            "title": "《兰花变容·卷一：筵宴》",
            "desc": [
                "一部玫瑰十字会式寓言的合集，推测为罗伯特·福路德所著，丛书第一卷。",
                "一部玫瑰十字会式寓言的合集，推测为罗伯特·福路德所著，丛书第一卷。本书为后来的英译本。"
            ],
            "texts": [
                "本书的插图的确夺人眼球；使人面色潮红，合上书后仍在眼底印照不去。",
                "“人必先噬人，而后人噬之。为人噬者不可逆，如人之诞世不可逆。” "
            ]
        },
        "skeletonsongs": {
            "title": "《骷髅歌》",
            "desc": [
                "一部咏颂贪婪享乐的诗集，作者是传闻中从女继承人成为贵妇又成为诗人的阿拉贝拉·达斯克，该名很可能是伪名。"
            ],
            "texts": [
                "阿拉贝拉在引言中解释说，她这本书本应有插图，但防剿局不会允许。她暗示插图仍存于某处。本书是致“寻找赤杯的帕西瓦尔爵士”的献礼。",
                "二十六颗悦人的果实，七种责罚，九座花园，四桩悔事。"
            ]
        },
        "travellingatnight1": {
            "title": "《夜游漫记·卷一》",
            "desc": [
                "一套带注解的克里斯托弗·伊利奥波里的梦境手记，有时也被称为“唯一能读懂的密教典籍”：文笔精妙，富有趣味，扑朔迷离。"
            ],
            "texts": [
                "“林地生长于漫宿墙外。每一个研习诸史的人都知道，漫宿无墙。”",
                "伊利奥波里在书中描述了他如何通过他口中的银色梦境反复造访梦中的林地。“通过遐想到达林地，”他解释道，“如同遐想坠入爱河一般。不过我的确找到了有所裨助的秘密。”"
            ]
        },
        "dehoris1": {
            "title": "《司辰志·卷一》",
            "desc": [
                "拉丁语著。一本于四世纪成书于十四世纪被译为拉丁语的书籍在十九世纪的重印本（作者为不知疲倦的纳撒尼尔·达西-埃弗斯）。",
                "一套隐秘诸神的名册，内容半通不通。这本是其中一卷的英译本，记述了林地诸神灵。"
            ],
            "texts": [
                "本卷主要讲述了林地司辰中飞蛾、漆黑亚麻和环杉的故事。",
                "“辉光是一个疑问，飞蛾总以肯定作答。漆黑亚麻以否定作答，从来如此。”"
            ]
        },
        "twentysixenticementsseventorments": {
            "title": "《二十六种诱惑与七类苦痛》",
            "desc": [
                "画家尼尔斯·弗雷德里克·马斯凯尔曾做过一件臭名昭著之事：试图以这些苦痛为题作画。画到第五类苦痛时，画作的欲求增长得过于急切，使得他因失血而死。所幸书中的图解没有那么详细。",
                "画家尼尔斯·弗雷德里克·马斯凯尔曾做过一件臭名昭著之事：试图以这些苦痛为题作画。画到第五类苦痛时，画作的欲求增长得过于急切，使得他因失血而死。所幸书中的图解没有那么详细。"
            ],
            "texts": [
                "“圣杯的诱惑之数多于其苦痛，但苦痛才是它的真本性。生诞是第一苦痛，而干渴是第七苦痛。”",
                "要列举杯的诱惑与苦痛，离不开“干涸之地两女巫”哀伤的历史：降生于两个子宫的煎熬，摆脱杯的挣扎与对杯的乞求，对结合为一的共同渴盼。"
            ]
        },
        "test1": {
            "title": "《测试（灯）》",
            "desc": [
                "测试（灯）介绍",
                "测试（灯）（译本）介绍"
            ],
            "texts": [
              "获得 1 点灯之经验",
              "已获得 1 点灯之经验",
              "获得 24 点灯之经验",
              "已获得 24 点灯之经验",
              "获得 25 点灯之经验",
              "已获得 25 点灯之经验",
              "获得 50 点灯之经验",
              "已获得 50 点灯之经验",
              "获得 50 点灯之经验",
              "已获得 50 点灯之经验",
              "获得 75 点灯之经验",
              "已获得 75 点灯之经验",
              "获得 75 点灯之经验",
              "已获得 75 点灯之经验",
              "获得 125 点灯之经验",
              "已获得 125 点灯之经验",
              "获得 125 点灯之经验",
              "已获得 125 点灯之经验",
              "获得 225 点灯之经验",
              "已获得 225 点灯之经验",
              "获得 225 点灯之经验",
              "已获得 225 点灯之经验"
            ]
        },
        "test2": {
            "title": "《测试（铸）》",
            "desc": [
                "测试（铸）介绍",
                "测试（铸）（译本）介绍"
            ],
            "texts": [
              "获得 1 点铸之经验",
              "已获得 1 点铸之经验",
              "获得 24 点铸之经验",
              "已获得 24 点铸之经验",
              "获得 25 点铸之经验",
              "已获得 25 点铸之经验",
              "获得 50 点铸之经验",
              "已获得 50 点铸之经验",
              "获得 50 点铸之经验",
              "已获得 50 点铸之经验",
              "获得 75 点铸之经验",
              "已获得 75 点铸之经验",
              "获得 75 点铸之经验",
              "已获得 75 点铸之经验",
              "获得 125 点铸之经验",
              "已获得 125 点铸之经验",
              "获得 125 点铸之经验",
              "已获得 125 点铸之经验",
              "获得 225 点铸之经验",
              "已获得 225 点铸之经验",
              "获得 225 点铸之经验",
              "已获得 225 点铸之经验"
            ]
        },
        "test3": {
            "title": "《测试（刃）》",
            "desc": [
                "测试（刃）介绍",
                "测试（刃）（译本）介绍"
            ],
            "texts": [
              "获得 1 点刃之经验",
              "已获得 1 点刃之经验",
              "获得 24 点刃之经验",
              "已获得 24 点刃之经验",
              "获得 25 点刃之经验",
              "已获得 25 点刃之经验",
              "获得 50 点刃之经验",
              "已获得 50 点刃之经验",
              "获得 50 点刃之经验",
              "已获得 50 点刃之经验",
              "获得 75 点刃之经验",
              "已获得 75 点刃之经验",
              "获得 75 点刃之经验",
              "已获得 75 点刃之经验",
              "获得 125 点刃之经验",
              "已获得 125 点刃之经验",
              "获得 125 点刃之经验",
              "已获得 125 点刃之经验",
              "获得 225 点刃之经验",
              "已获得 225 点刃之经验",
              "获得 225 点刃之经验",
              "已获得 225 点刃之经验"
            ]
        },
        "test4": {
            "title": "《测试（冬）》",
            "desc": [
                "测试（冬）介绍",
                "测试（冬）（译本）介绍"
            ],
            "texts": [
              "获得 1 点冬之经验",
              "已获得 1 点冬之经验",
              "获得 24 点冬之经验",
              "已获得 24 点冬之经验",
              "获得 25 点冬之经验",
              "已获得 25 点冬之经验",
              "获得 50 点冬之经验",
              "已获得 50 点冬之经验",
              "获得 50 点冬之经验",
              "已获得 50 点冬之经验",
              "获得 75 点冬之经验",
              "已获得 75 点冬之经验",
              "获得 75 点冬之经验",
              "已获得 75 点冬之经验",
              "获得 125 点冬之经验",
              "已获得 125 点冬之经验",
              "获得 125 点冬之经验",
              "已获得 125 点冬之经验",
              "获得 225 点冬之经验",
              "已获得 225 点冬之经验",
              "获得 225 点冬之经验",
              "已获得 225 点冬之经验"
            ]
        },
        "test5": {
            "title": "《测试（心）》",
            "desc": [
                "测试（心）介绍",
                "测试（心）（译本）介绍"
            ],
            "texts": [
              "获得 1 点心之经验",
              "已获得 1 点心之经验",
              "获得 24 点心之经验",
              "已获得 24 点心之经验",
              "获得 25 点心之经验",
              "已获得 25 点心之经验",
              "获得 50 点心之经验",
              "已获得 50 点心之经验",
              "获得 50 点心之经验",
              "已获得 50 点心之经验",
              "获得 75 点心之经验",
              "已获得 75 点心之经验",
              "获得 75 点心之经验",
              "已获得 75 点心之经验",
              "获得 125 点心之经验",
              "已获得 125 点心之经验",
              "获得 125 点心之经验",
              "已获得 125 点心之经验",
              "获得 225 点心之经验",
              "已获得 225 点心之经验",
              "获得 225 点心之经验",
              "已获得 225 点心之经验"
            ]
        },
        "test6": {
            "title": "《测试（杯）》",
            "desc": [
                "测试（杯）介绍",
                "测试（杯）（译本）介绍"
            ],
            "texts": [
              "获得 1 点杯之经验",
              "已获得 1 点杯之经验",
              "获得 24 点杯之经验",
              "已获得 24 点杯之经验",
              "获得 25 点杯之经验",
              "已获得 25 点杯之经验",
              "获得 50 点杯之经验",
              "已获得 50 点杯之经验",
              "获得 50 点杯之经验",
              "已获得 50 点杯之经验",
              "获得 75 点杯之经验",
              "已获得 75 点杯之经验",
              "获得 75 点杯之经验",
              "已获得 75 点杯之经验",
              "获得 125 点杯之经验",
              "已获得 125 点杯之经验",
              "获得 125 点杯之经验",
              "已获得 125 点杯之经验",
              "获得 225 点杯之经验",
              "已获得 225 点杯之经验",
              "获得 225 点杯之经验",
              "已获得 225 点杯之经验"
            ]
        },
        "test7": {
            "title": "《测试（蛾）》",
            "desc": [
                "测试（蛾）介绍",
                "测试（蛾）（译本）介绍"
            ],
            "texts": [
              "获得 1 点蛾之经验",
              "已获得 1 点蛾之经验",
              "获得 24 点蛾之经验",
              "已获得 24 点蛾之经验",
              "获得 25 点蛾之经验",
              "已获得 25 点蛾之经验",
              "获得 50 点蛾之经验",
              "已获得 50 点蛾之经验",
              "获得 50 点蛾之经验",
              "已获得 50 点蛾之经验",
              "获得 75 点蛾之经验",
              "已获得 75 点蛾之经验",
              "获得 75 点蛾之经验",
              "已获得 75 点蛾之经验",
              "获得 125 点蛾之经验",
              "已获得 125 点蛾之经验",
              "获得 125 点蛾之经验",
              "已获得 125 点蛾之经验",
              "获得 225 点蛾之经验",
              "已获得 225 点蛾之经验",
              "获得 225 点蛾之经验",
              "已获得 225 点蛾之经验"
            ]
        },
        "test8": {
            "title": "《测试（启）》",
            "desc": [
                "测试（启）介绍",
                "测试（启）（译本）介绍"
            ],
            "texts": [
              "获得 1 点启之经验",
              "已获得 1 点启之经验",
              "获得 24 点启之经验",
              "已获得 24 点启之经验",
              "获得 25 点启之经验",
              "已获得 25 点启之经验",
              "获得 50 点启之经验",
              "已获得 50 点启之经验",
              "获得 50 点启之经验",
              "已获得 50 点启之经验",
              "获得 75 点启之经验",
              "已获得 75 点启之经验",
              "获得 75 点启之经验",
              "已获得 75 点启之经验",
              "获得 125 点启之经验",
              "已获得 125 点启之经验",
              "获得 125 点启之经验",
              "已获得 125 点启之经验",
              "获得 225 点启之经验",
              "已获得 225 点启之经验",
              "获得 225 点启之经验",
              "已获得 225 点启之经验"
            ]
        },
        "test9": {
            "title": "《测试（秘史）》",
            "desc": [
                "测试（秘史）介绍",
                "测试（秘史）（译本）介绍"
            ],
            "texts": [
              "获得 1 点秘史之经验",
              "已获得 1 点秘史之经验",
              "获得 24 点秘史之经验",
              "已获得 24 点秘史之经验",
              "获得 25 点秘史之经验",
              "已获得 25 点秘史之经验",
              "获得 50 点秘史之经验",
              "已获得 50 点秘史之经验",
              "获得 50 点秘史之经验",
              "已获得 50 点秘史之经验",
              "获得 75 点秘史之经验",
              "已获得 75 点秘史之经验",
              "获得 75 点秘史之经验",
              "已获得 75 点秘史之经验",
              "获得 125 点秘史之经验",
              "已获得 125 点秘史之经验",
              "获得 125 点秘史之经验",
              "已获得 125 点秘史之经验",
              "获得 225 点秘史之经验",
              "已获得 225 点秘史之经验",
              "获得 225 点秘史之经验",
              "已获得 225 点秘史之经验"
            ]
        },
        "test_latin": {
            "title": "《测试（拉丁文）》",
            "desc": [
                "测试（拉丁文）介绍"
            ],
            "texts": [
              "获得 1 点拉丁文经验",
              "已获得 1 点拉丁文经验",
              "获得 49 点拉丁文经验",
              "已获得 49 点拉丁文经验",
              "获得 100 点拉丁文经验",
              "已获得 100 点拉丁文经验",
              "获得 150 点拉丁文经验",
              "已获得 150 点拉丁文经验",
              "获得 250 点拉丁文经验",
              "已获得 250 点拉丁文经验",
              "获得 450 点拉丁文经验",
              "已获得 450 点拉丁文经验"
            ]
        },
        "test_greek": {
            "title": "《测试（希腊文）》",
            "desc": [
                "测试（希腊文）介绍"
            ],
            "texts": [
              "获得 1 点希腊文经验",
              "已获得 1 点希腊文经验",
              "获得 49 点希腊文经验",
              "已获得 49 点希腊文经验",
              "获得 100 点希腊文经验",
              "已获得 100 点希腊文经验",
              "获得 150 点希腊文经验",
              "已获得 150 点希腊文经验",
              "获得 250 点希腊文经验",
              "已获得 250 点希腊文经验",
              "获得 450 点希腊文经验",
              "已获得 450 点希腊文经验"
            ]
        },
        "test_sanskrit": {
            "title": "《测试（梵文）》",
            "desc": [
                "测试（梵文）介绍"
            ],
            "texts": [
              "获得 1 点梵文经验",
              "已获得 1 点梵文经验",
              "获得 49 点梵文经验",
              "已获得 49 点梵文经验",
              "获得 100 点梵文经验",
              "已获得 100 点梵文经验",
              "获得 150 点梵文经验",
              "已获得 150 点梵文经验",
              "获得 250 点梵文经验",
              "已获得 250 点梵文经验",
              "获得 450 点梵文经验",
              "已获得 450 点梵文经验"
            ]
        },
        "test_aramaic": {
            "title": "《测试（亚兰文）》",
            "desc": [
                "测试（亚兰文）介绍"
            ],
            "texts": [
              "获得 1 点亚兰文经验",
              "已获得 1 点亚兰文经验",
              "获得 49 点亚兰文经验",
              "已获得 49 点亚兰文经验",
              "获得 100 点亚兰文经验",
              "已获得 100 点亚兰文经验",
              "获得 150 点亚兰文经验",
              "已获得 150 点亚兰文经验",
              "获得 250 点亚兰文经验",
              "已获得 250 点亚兰文经验",
              "获得 450 点亚兰文经验",
              "已获得 450 点亚兰文经验"
            ]
        }
    },

    "npcs": {
        "catherine": {
            "title": "书屋老板",
            "name": "凯瑟琳",
            "surname": "克拉克",
            "fullname": "凯瑟琳·克拉克",
            "trust_neg": "$ARedSecret.loc.npcs.catherine.name对你<span class='red'>无话可说</span>。",
            "trust_1": "$ARedSecret.loc.npcs.catherine.name在你面前偶有开口。",
            "trust_2": "$ARedSecret.loc.npcs.catherine.name开始为你<span class='blue'>介绍委托</span>。",
            "trust_3": "$ARedSecret.loc.npcs.catherine.name开始和你<span class='teal'>谈论其他事情</span>。",
            "trust_4": "$ARedSecret.loc.npcs.catherine.name愿意为你<span class='green'>不吝言语</span>。"
        }
    },

    "yes": "是",
    "no": "否",
    "you": "你",
    "it": "它",
    "but": "但",
    "confirm": "确认",
    "cancel": "取消",
    "enter": "进入",
    "back": "返回",
    "leave": "离开",
    "observe": "观察",
    "read": "阅读",
    "read_this_book": "阅读本书",
    "check": "查看",
    "continue": "继续",
    "this_book": "这本书",
    "discard_this_book": "丢弃本书",
    "reread_this_book": "重读本书",
    "none": "无",
    "original_version": "原著",
    "translated_version": "译本",
    "book_finished": "已读完",
    "buy_this_book": "购买本书",

    "symbol": {
        "comma": "，",
        "period": "。"
    },

    "gain_ia_knowledge_1": "你获得了些许关于<<= $ARedSecret.loc[_type]>>的知识。",
    "gain_ia_knowledge_2": "你对<<= $ARedSecret.loc[_type]>>之知识的理解更深了。",
    "gain_ia_knowledge_3": "你学到了相当多有关<<= $ARedSecret.loc[_type]>>的知识。",
    "gain_ia_knowledge_4": "你对<<= $ARedSecret.loc[_type]>>之知识的理解得到了极大的增进。",
    "gain_ia_knowledge_5": "如潮水般的<<= $ARedSecret.loc[_type]>>之知识被你尽收脑海。",
    "gain_language_knowledge_1": "你学到了一些关于<<= $ARedSecret.loc[_type]>>的基础。",
    "gain_language_knowledge_2": "你对<<= $ARedSecret.loc[_type]>>的运用有了更深的理解。",
    "gain_language_knowledge_3": "你学到了相当多有关<<= $ARedSecret.loc[_type]>>文法和词汇的知识。",
    "gain_language_knowledge_4": "你对<<= $ARedSecret.loc[_type]>>的理解与运用得到了极大的增进。",
    "gain_language_knowledge_5": "你所学到的远超你的想象，仿佛在那一瞬间<<= $ARedSecret.loc[_type]>>成为了你思维的本质。",
    "gain_ia_secrethistories_capped_1": "尽管有所收获，但你有限的历史知识无法支撑起你对<<= $ARedSecret.loc[_type]>>之知识的进一步探求。",
    "gain_ia_secrethistories_capped_2": "盘根错节的历史之网困住了你，让你迷失在永恒与虚无间的夹缝中。//你已无法理解更多有关<<= $ARedSecret.loc[_type]>>之教诲。//",
    "gain_ia_secrethistories_capped_tip": "（<span class='gold'>你<<= $ARedSecret.loc[_type]>>技能的最高等级受到<<icon 'history.png'>>历史成绩等级的制约</span>，努力提升学习成绩吧。）",
    "gain_language_capped_1": "尽管有所收获，学习的过程却愈发艰难。你感觉你对<<= $ARedSecret.loc[_type]>>的理解已经触及瓶颈。",
    "gain_language_capped_2": "熟悉的句子在你眼前破碎，陌生的词汇在你脑中轰鸣。//你已无法理解更多有关<<= $ARedSecret.loc[_type]>>的知识。//",
    "gain_language_capped_tip": "（<span class='gold'>你语言类技能的最高等级受到<<icon 'english.png'>>语文成绩等级的制约</span>，努力提升学习成绩吧。）"
}